Time_ms,CH1_Biceps_mV,CH2_Triceps_mV,CH3_Flexor_mV,CH4_Extensor_mV,Gesture_Label,Syntiant_NDP120_Inference_Conf
0.00,0.0405,0.4409,0.0197,0.3910,REST_POSE,0.985
0.50,0.0759,0.3969,0.0619,0.3723,REST_POSE,0.985
1.00,0.1261,0.4000,0.0586,0.3778,REST_POSE,0.985
1.50,0.1103,0.4027,0.1672,0.3454,REST_POSE,0.985
2.00,0.1305,0.3837,0.1440,0.3424,REST_POSE,0.985
2.50,0.2173,0.4187,0.1802,0.3355,REST_POSE,0.985
3.00,0.2228,0.4188,0.2517,0.3092,REST_POSE,0.985
3.50,0.2470,0.3949,0.3249,0.2957,REST_POSE,0.985
4.00,0.3401,0.3695,0.2993,0.2903,REST_POSE,0.985
4.50,0.3636,0.3984,0.4013,0.2779,REST_POSE,0.985
5.00,0.3808,0.3650,0.3609,0.2731,REST_POSE,0.985
5.50,0.4031,0.3606,0.3947,0.2522,REST_POSE,0.985
6.00,0.4807,0.3693,0.4890,0.2088,REST_POSE,0.985
6.50,0.4649,0.3421,0.5058,0.2125,REST_POSE,0.985
7.00,0.5316,0.3231,0.5169,0.1358,REST_POSE,0.985
7.50,0.5975,0.3298,0.4745,0.1578,REST_POSE,0.985
8.00,0.6017,0.2882,0.4957,0.1284,REST_POSE,0.985
8.50,0.6317,0.2762,0.5775,0.0508,REST_POSE,0.985
9.00,0.6754,0.2353,0.5174,0.0565,REST_POSE,0.985
9.50,0.6973,0.2566,0.5153,-0.0012,REST_POSE,0.985
10.00,0.7514,0.2124,0.5623,-0.0327,REST_POSE,0.985
10.50,0.7786,0.2007,0.5659,-0.0127,REST_POSE,0.985
11.00,0.7944,0.2014,0.5368,-0.0665,REST_POSE,0.985
11.50,0.7641,0.1465,0.5351,-0.1285,REST_POSE,0.985
12.00,0.7875,0.1775,0.4898,-0.1414,REST_POSE,0.985
12.50,0.8462,0.1422,0.5182,-0.1828,REST_POSE,0.985
13.00,0.7726,0.1350,0.4930,-0.1722,REST_POSE,0.985
13.50,0.8013,0.1189,0.4661,-0.1990,REST_POSE,0.985
14.00,0.8455,0.0901,0.4115,-0.2070,REST_POSE,0.985
14.50,0.8793,0.0277,0.3923,-0.2439,REST_POSE,0.985
15.00,0.8820,0.0244,0.3454,-0.2927,REST_POSE,0.985
15.50,0.8778,0.0087,0.3755,-0.3014,REST_POSE,0.985
16.00,0.8471,0.0152,0.3194,-0.2955,REST_POSE,0.985
16.50,0.8727,-0.0298,0.2987,-0.3146,REST_POSE,0.985
17.00,0.8170,-0.0293,0.1856,-0.3185,REST_POSE,0.985
17.50,0.8710,-0.1009,0.1842,-0.3709,REST_POSE,0.985
18.00,0.8710,-0.1145,0.1246,-0.3859,REST_POSE,0.985
18.50,0.7942,-0.1422,0.1379,-0.3985,REST_POSE,0.985
19.00,0.8457,-0.1638,0.0318,-0.3948,REST_POSE,0.985
19.50,0.7429,-0.1436,0.0065,-0.3730,REST_POSE,0.985
20.00,0.7756,-0.1970,-0.0017,-0.3674,REST_POSE,0.985
20.50,0.7963,-0.2210,-0.0415,-0.3658,REST_POSE,0.985
21.00,0.7594,-0.2260,-0.0890,-0.3680,REST_POSE,0.985
21.50,0.6977,-0.2577,-0.2010,-0.3536,REST_POSE,0.985
22.00,0.7341,-0.2692,-0.2316,-0.3357,REST_POSE,0.985
22.50,0.6315,-0.2731,-0.2187,-0.3618,REST_POSE,0.985
23.00,0.5886,-0.2920,-0.3166,-0.3556,REST_POSE,0.985
23.50,0.6420,-0.2746,-0.3008,-0.3247,REST_POSE,0.985
24.00,0.5663,-0.3181,-0.3346,-0.2856,REST_POSE,0.985
24.50,0.5709,-0.3176,-0.4232,-0.2966,REST_POSE,0.985
25.00,0.4867,-0.3522,-0.3793,-0.2487,REST_POSE,0.985
25.50,0.4764,-0.3707,-0.4391,-0.2347,REST_POSE,0.985
26.00,0.4839,-0.3690,-0.4448,-0.2255,REST_POSE,0.985
26.50,0.4150,-0.3710,-0.4949,-0.1571,REST_POSE,0.985
27.00,0.3704,-0.3682,-0.5405,-0.1221,REST_POSE,0.985
27.50,0.3076,-0.3775,-0.4923,-0.1194,REST_POSE,0.985
28.00,0.2983,-0.4158,-0.5444,-0.0800,REST_POSE,0.985
28.50,0.2342,-0.3940,-0.5199,-0.0719,REST_POSE,0.985
29.00,0.2357,-0.3925,-0.5234,-0.0337,REST_POSE,0.985
29.50,0.1610,-0.4028,-0.5192,0.0320,REST_POSE,0.985
30.00,0.1171,-0.4386,-0.5700,0.0152,REST_POSE,0.985
30.50,0.0598,-0.3965,-0.5404,0.0643,REST_POSE,0.985
31.00,0.0411,-0.4466,-0.5155,0.1188,REST_POSE,0.985
31.50,-0.0552,-0.4451,-0.5002,0.1131,REST_POSE,0.985
32.00,-0.0299,-0.4231,-0.5390,0.1302,REST_POSE,0.985
32.50,-0.0978,-0.4032,-0.4725,0.1893,REST_POSE,0.985
33.00,-0.1275,-0.3880,-0.4845,0.2028,REST_POSE,0.985
33.50,-0.1342,-0.4057,-0.4083,0.2112,REST_POSE,0.985
34.00,-0.2616,-0.4323,-0.4330,0.2250,REST_POSE,0.985
34.50,-0.2864,-0.4010,-0.3557,0.2713,REST_POSE,0.985
35.00,-0.2529,-0.4180,-0.3215,0.2678,REST_POSE,0.985
35.50,-0.2981,-0.3939,-0.3295,0.3131,REST_POSE,0.985
36.00,-0.3696,-0.3693,-0.2973,0.3054,REST_POSE,0.985
36.50,-0.4295,-0.3847,-0.2056,0.3263,REST_POSE,0.985
37.00,-0.4553,-0.3535,-0.1757,0.3750,REST_POSE,0.985
37.50,-0.4885,-0.3571,-0.1735,0.3624,REST_POSE,0.985
38.00,-0.4935,-0.3223,-0.0943,0.3976,REST_POSE,0.985
38.50,-0.5320,-0.2967,-0.0295,0.3647,REST_POSE,0.985
39.00,-0.6098,-0.3247,-0.0407,0.3783,REST_POSE,0.985
39.50,-0.6104,-0.2699,0.0278,0.4040,REST_POSE,0.985
40.00,-0.6187,-0.2511,0.0989,0.3932,REST_POSE,0.985
40.50,-0.7171,-0.2295,0.1320,0.3992,REST_POSE,0.985
41.00,-0.7249,-0.2199,0.1281,0.3712,REST_POSE,0.985
41.50,-0.6738,-0.2146,0.1934,0.3584,REST_POSE,0.985
42.00,-0.7117,-0.2201,0.2402,0.3502,REST_POSE,0.985
42.50,-0.7736,-0.1919,0.2835,0.3010,REST_POSE,0.985
43.00,-0.7404,-0.1770,0.2844,0.3200,REST_POSE,0.985
43.50,-0.8134,-0.1398,0.3169,0.3233,REST_POSE,0.985
44.00,-0.8200,-0.1576,0.3406,0.2539,REST_POSE,0.985
44.50,-0.7929,-0.0910,0.4360,0.2285,REST_POSE,0.985
45.00,-0.8741,-0.0733,0.4540,0.2352,REST_POSE,0.985
45.50,-0.8824,-0.0451,0.4850,0.1830,REST_POSE,0.985
46.00,-0.8711,-0.0184,0.5176,0.1827,REST_POSE,0.985
46.50,-0.8077,-0.0449,0.4820,0.1480,REST_POSE,0.985
47.00,-0.8889,0.0220,0.5294,0.1224,REST_POSE,0.985
47.50,-0.8164,0.0252,0.4952,0.1019,REST_POSE,0.985
48.00,-0.8737,0.0578,0.5257,0.0720,REST_POSE,0.985
48.50,-0.8444,0.0315,0.5631,0.0455,REST_POSE,0.985
49.00,-0.8673,0.1024,0.5875,0.0274,REST_POSE,0.985
49.50,-0.8463,0.0696,0.5656,-0.0217,REST_POSE,0.985
50.00,-0.7710,0.0933,0.5744,-0.0287,REST_POSE,0.985
50.50,-0.7711,0.1376,0.5476,-0.1037,REST_POSE,0.985
51.00,-0.7435,0.1722,0.5031,-0.1425,REST_POSE,0.985
51.50,-0.7356,0.1902,0.4828,-0.1299,REST_POSE,0.985
52.00,-0.7846,0.1894,0.5254,-0.1551,REST_POSE,0.985
52.50,-0.7670,0.1983,0.4535,-0.1824,REST_POSE,0.985
53.00,-0.7381,0.2299,0.4396,-0.2037,REST_POSE,0.985
53.50,-0.6867,0.2686,0.3789,-0.2743,REST_POSE,0.985
54.00,-0.6714,0.2935,0.3502,-0.2441,REST_POSE,0.985
54.50,-0.6181,0.2735,0.3215,-0.2801,REST_POSE,0.985
55.00,-0.6134,0.2792,0.3413,-0.3363,REST_POSE,0.985
55.50,-0.5231,0.3205,0.2797,-0.3169,REST_POSE,0.985
56.00,-0.4951,0.3433,0.2660,-0.3534,REST_POSE,0.985
56.50,-0.5502,0.3632,0.2328,-0.3279,REST_POSE,0.985
57.00,-0.4693,0.3780,0.1394,-0.3345,REST_POSE,0.985
57.50,-0.4430,0.3917,0.1393,-0.3985,REST_POSE,0.985
58.00,-0.3652,0.3522,0.1107,-0.3816,REST_POSE,0.985
58.50,-0.3781,0.3682,0.0440,-0.3765,REST_POSE,0.985
59.00,-0.2742,0.3925,-0.0092,-0.3947,REST_POSE,0.985
59.50,-0.2603,0.4245,-0.0755,-0.3804,REST_POSE,0.985
60.00,-0.2857,0.4104,-0.1061,-0.3938,REST_POSE,0.985
60.50,-0.1594,0.4291,-0.1057,-0.3869,REST_POSE,0.985
61.00,-0.1330,0.4202,-0.1727,-0.3311,REST_POSE,0.985
61.50,-0.0719,0.4397,-0.1918,-0.3467,REST_POSE,0.985
62.00,-0.0913,0.4325,-0.2930,-0.3175,REST_POSE,0.985
62.50,-0.0627,0.4009,-0.2648,-0.3372,REST_POSE,0.985
63.00,0.0502,0.3932,-0.3399,-0.3167,REST_POSE,0.985
63.50,0.0817,0.4141,-0.3300,-0.2798,REST_POSE,0.985
64.00,0.0573,0.4083,-0.4297,-0.2694,REST_POSE,0.985
64.50,0.1757,0.4316,-0.4166,-0.2167,REST_POSE,0.985
65.00,0.2001,0.4146,-0.4593,-0.2421,REST_POSE,0.985
65.50,0.1870,0.3832,-0.4646,-0.1961,REST_POSE,0.985
66.00,0.2392,0.3713,-0.5051,-0.1391,REST_POSE,0.985
66.50,0.2696,0.3924,-0.5428,-0.1090,REST_POSE,0.985
67.00,0.3694,0.3613,-0.4941,-0.0929,REST_POSE,0.985
67.50,0.3337,0.3719,-0.5463,-0.0869,REST_POSE,0.985
68.00,0.3810,0.3638,-0.5112,-0.0446,REST_POSE,0.985
68.50,0.4694,0.3705,-0.5248,-0.0327,REST_POSE,0.985
69.00,0.4676,0.3585,-0.5770,0.0146,REST_POSE,0.985
69.50,0.5108,0.3561,-0.5540,0.0463,REST_POSE,0.985
70.00,0.5150,0.3212,-0.5064,0.0669,REST_POSE,0.985
70.50,0.5788,0.2908,-0.4942,0.1281,REST_POSE,0.985
71.00,0.6562,0.2775,-0.4792,0.1388,REST_POSE,0.985
71.50,0.6456,0.2938,-0.5165,0.1497,REST_POSE,0.985
72.00,0.6363,0.2475,-0.4818,0.1611,REST_POSE,0.985
72.50,0.6997,0.2576,-0.4839,0.2022,REST_POSE,0.985
73.00,0.7604,0.1965,-0.4438,0.2290,REST_POSE,0.985
73.50,0.7938,0.1818,-0.3813,0.2587,REST_POSE,0.985
74.00,0.7425,0.2097,-0.3516,0.3124,REST_POSE,0.985
74.50,0.7829,0.1835,-0.3133,0.3315,REST_POSE,0.985
75.00,0.8383,0.1483,-0.2783,0.2934,REST_POSE,0.985
75.50,0.8152,0.1541,-0.2623,0.3071,REST_POSE,0.985
76.00,0.8091,0.1226,-0.2424,0.3373,REST_POSE,0.985
76.50,0.8733,0.1090,-0.2086,0.3467,REST_POSE,0.985
77.00,0.8787,0.0723,-0.1284,0.3782,REST_POSE,0.985
77.50,0.8785,0.0397,-0.1303,0.3675,REST_POSE,0.985
78.00,0.8043,0.0089,-0.0336,0.3487,REST_POSE,0.985
78.50,0.8244,0.0135,0.0068,0.3947,REST_POSE,0.985
79.00,0.8930,-0.0455,0.0102,0.4005,REST_POSE,0.985
79.50,0.8590,-0.0182,0.0665,0.3902,REST_POSE,0.985
80.00,0.8514,-0.0647,0.1179,0.3535,REST_POSE,0.985
80.50,0.7978,-0.1019,0.1515,0.3328,REST_POSE,0.985
81.00,0.8184,-0.0797,0.2341,0.3251,REST_POSE,0.985
81.50,0.8581,-0.1084,0.2704,0.3312,REST_POSE,0.985
82.00,0.7757,-0.1185,0.3238,0.3244,REST_POSE,0.985
82.50,0.8042,-0.1891,0.3316,0.2789,REST_POSE,0.985
83.00,0.7197,-0.1937,0.3433,0.2727,REST_POSE,0.985
83.50,0.7176,-0.1839,0.3574,0.2924,REST_POSE,0.985
84.00,0.6857,-0.1926,0.3864,0.2541,REST_POSE,0.985
84.50,0.6599,-0.2258,0.4374,0.2345,REST_POSE,0.985
85.00,0.6565,-0.2519,0.4976,0.1860,REST_POSE,0.985
85.50,0.6411,-0.2412,0.4687,0.1597,REST_POSE,0.985
86.00,0.5769,-0.2763,0.5509,0.1420,REST_POSE,0.985
86.50,0.5700,-0.2981,0.5124,0.1361,REST_POSE,0.985
87.00,0.5583,-0.3139,0.5218,0.0844,REST_POSE,0.985
87.50,0.5180,-0.3531,0.5467,0.0342,REST_POSE,0.985
88.00,0.5425,-0.3305,0.5135,0.0075,REST_POSE,0.985
88.50,0.4675,-0.3400,0.5847,-0.0328,REST_POSE,0.985
89.00,0.4080,-0.3650,0.5622,-0.0274,REST_POSE,0.985
89.50,0.4259,-0.3635,0.5435,-0.0731,REST_POSE,0.985
90.00,0.3309,-0.3800,0.4989,-0.0865,REST_POSE,0.985
90.50,0.3324,-0.4156,0.5563,-0.1202,REST_POSE,0.985
91.00,0.2753,-0.3944,0.5049,-0.1463,REST_POSE,0.985
91.50,0.2778,-0.4286,0.4562,-0.1972,REST_POSE,0.985
92.00,0.1541,-0.4163,0.4257,-0.1852,REST_POSE,0.985
92.50,0.0997,-0.4257,0.4398,-0.2242,REST_POSE,0.985
93.00,0.1500,-0.4125,0.4240,-0.2520,REST_POSE,0.985
93.50,0.1099,-0.4217,0.3863,-0.3066,REST_POSE,0.985
94.00,-0.0034,-0.4012,0.3765,-0.2768,REST_POSE,0.985
94.50,0.0206,-0.4122,0.2805,-0.3081,REST_POSE,0.985
95.00,-0.0609,-0.4129,0.2928,-0.3132,REST_POSE,0.985
95.50,-0.1544,-0.4029,0.2277,-0.3251,REST_POSE,0.985
96.00,-0.1525,-0.3939,0.1754,-0.3824,REST_POSE,0.985
96.50,-0.2271,-0.3946,0.1675,-0.3393,REST_POSE,0.985
97.00,-0.2155,-0.4018,0.1072,-0.3672,REST_POSE,0.985
97.50,-0.3193,-0.3925,0.0256,-0.3527,REST_POSE,0.985
98.00,-0.2928,-0.3651,-0.0221,-0.4008,REST_POSE,0.985
98.50,-0.3556,-0.3846,-0.0357,-0.3800,REST_POSE,0.985
99.00,-0.4122,-0.3706,-0.1123,-0.3749,REST_POSE,0.985
99.50,-0.3842,-0.3580,-0.1116,-0.3799,REST_POSE,0.985
100.00,-0.4846,-0.3388,-0.1378,-0.3421,REST_POSE,0.985
100.50,-0.4877,-0.3417,-0.2291,-0.3408,REST_POSE,0.985
101.00,-0.5714,-0.3011,-0.2659,-0.3670,REST_POSE,0.985
101.50,-0.5626,-0.3330,-0.2944,-0.3366,REST_POSE,0.985
102.00,-0.6061,-0.2768,-0.3234,-0.3357,REST_POSE,0.985
102.50,-0.6676,-0.2701,-0.3317,-0.2665,REST_POSE,0.985
103.00,-0.6632,-0.2428,-0.4123,-0.2617,REST_POSE,0.985
103.50,-0.7207,-0.2511,-0.4374,-0.2247,REST_POSE,0.985
104.00,-0.7269,-0.2216,-0.4721,-0.2459,REST_POSE,0.985
104.50,-0.7048,-0.2406,-0.4348,-0.2217,REST_POSE,0.985
105.00,-0.7707,-0.1845,-0.5111,-0.1912,REST_POSE,0.985
105.50,-0.7890,-0.2030,-0.4847,-0.1511,REST_POSE,0.985
106.00,-0.8230,-0.1697,-0.4983,-0.1141,REST_POSE,0.985
106.50,-0.8389,-0.1512,-0.5669,-0.0882,REST_POSE,0.985
107.00,-0.7877,-0.1210,-0.5452,-0.0458,REST_POSE,0.985
107.50,-0.7892,-0.1131,-0.5435,-0.0314,REST_POSE,0.985
108.00,-0.7919,-0.0983,-0.5805,-0.0088,REST_POSE,0.985
108.50,-0.8375,-0.0649,-0.5730,0.0091,REST_POSE,0.985
109.00,-0.8427,-0.0425,-0.5411,0.0765,REST_POSE,0.985
109.50,-0.8808,0.0051,-0.5309,0.1164,REST_POSE,0.985
110.00,-0.8931,0.0021,-0.5470,0.1130,REST_POSE,0.985
110.50,-0.8122,0.0399,-0.4905,0.1387,REST_POSE,0.985
111.00,-0.8004,0.0529,-0.4970,0.1807,REST_POSE,0.985
111.50,-0.7962,0.0361,-0.4550,0.2003,REST_POSE,0.985
112.00,-0.8206,0.0892,-0.4288,0.2520,REST_POSE,0.985
112.50,-0.7910,0.1050,-0.4299,0.2522,REST_POSE,0.985
113.00,-0.7911,0.0986,-0.4099,0.2520,REST_POSE,0.985
113.50,-0.8401,0.1583,-0.3369,0.3017,REST_POSE,0.985
114.00,-0.8023,0.1460,-0.3212,0.3223,REST_POSE,0.985
114.50,-0.7733,0.1662,-0.3144,0.3004,REST_POSE,0.985
115.00,-0.7903,0.1930,-0.2664,0.3562,REST_POSE,0.985
115.50,-0.7126,0.2362,-0.1973,0.3756,REST_POSE,0.985
116.00,-0.6839,0.2181,-0.1901,0.3432,REST_POSE,0.985
116.50,-0.6514,0.2679,-0.1349,0.3977,REST_POSE,0.985
117.00,-0.6683,0.2751,-0.0958,0.3860,REST_POSE,0.985
117.50,-0.6352,0.2902,-0.0055,0.4028,REST_POSE,0.985
118.00,-0.6057,0.3257,0.0335,0.3735,REST_POSE,0.985
118.50,-0.5248,0.3325,0.0723,0.3944,REST_POSE,0.985
119.00,-0.5361,0.3292,0.1142,0.3759,REST_POSE,0.985
119.50,-0.5249,0.3570,0.1614,0.3597,REST_POSE,0.985
120.00,-0.4600,0.3829,0.1524,0.3754,REST_POSE,0.985
120.50,-0.3927,0.3522,0.2176,0.3378,REST_POSE,0.985
121.00,-0.3932,0.3713,0.2334,0.3183,REST_POSE,0.985
121.50,-0.3583,0.3839,0.2781,0.2987,REST_POSE,0.985
122.00,-0.2783,0.4155,0.3528,0.2853,REST_POSE,0.985
122.50,-0.2918,0.4136,0.3863,0.2686,REST_POSE,0.985
123.00,-0.1759,0.4146,0.4451,0.2518,REST_POSE,0.985
123.50,-0.1693,0.3865,0.4420,0.2115,REST_POSE,0.985
124.00,-0.1381,0.4094,0.4419,0.2233,REST_POSE,0.985
124.50,-0.0917,0.4290,0.4747,0.1982,REST_POSE,0.985
125.00,-0.0942,0.4320,0.4989,0.1355,REST_POSE,0.985
125.50,-0.0131,0.4000,0.5212,0.0988,REST_POSE,0.985
126.00,0.0138,0.4155,0.5709,0.1039,REST_POSE,0.985
126.50,0.0870,0.4202,0.5653,0.0472,REST_POSE,0.985
127.00,0.1317,0.3872,0.5865,0.0652,REST_POSE,0.985
127.50,0.1954,0.4244,0.5615,-0.0030,REST_POSE,0.985
128.00,0.1609,0.3872,0.5791,-0.0435,REST_POSE,0.985
128.50,0.2644,0.4062,0.5682,-0.0806,REST_POSE,0.985
129.00,0.2293,0.3920,0.5350,-0.1070,REST_POSE,0.985
129.50,0.2816,0.4170,0.5339,-0.1363,REST_POSE,0.985
130.00,0.3363,0.4107,0.5177,-0.1148,REST_POSE,0.985
130.50,0.3495,0.3452,0.5171,-0.1833,REST_POSE,0.985
131.00,0.4817,0.3832,0.5016,-0.1924,REST_POSE,0.985
131.50,0.4951,0.3603,0.4220,-0.2319,REST_POSE,0.985
132.00,0.4967,0.3131,0.4090,-0.2445,REST_POSE,0.985
132.50,0.5781,0.3491,0.3955,-0.2390,REST_POSE,0.985
133.00,0.5841,0.3034,0.3568,-0.2703,REST_POSE,0.985
133.50,0.6406,0.3196,0.3278,-0.3006,REST_POSE,0.985
134.00,0.6056,0.2864,0.2579,-0.3376,REST_POSE,0.985
134.50,0.6942,0.2378,0.2457,-0.3107,REST_POSE,0.985
135.00,0.6599,0.2744,0.1713,-0.3674,REST_POSE,0.985
135.50,0.7494,0.2551,0.1887,-0.3704,REST_POSE,0.985
136.00,0.7073,0.2225,0.1042,-0.3588,REST_POSE,0.985
136.50,0.7364,0.2118,0.1029,-0.3678,REST_POSE,0.985
137.00,0.7670,0.1980,0.0415,-0.3740,REST_POSE,0.985
137.50,0.8258,0.1545,0.0211,-0.3689,REST_POSE,0.985
138.00,0.8389,0.1613,-0.0093,-0.3968,REST_POSE,0.985
138.50,0.8290,0.1186,-0.0724,-0.3997,REST_POSE,0.985
139.00,0.8691,0.1123,-0.0994,-0.3626,REST_POSE,0.985
139.50,0.8102,0.0638,-0.2099,-0.3780,REST_POSE,0.985
140.00,0.8835,0.0337,-0.2362,-0.3610,REST_POSE,0.985
140.50,0.8541,0.0534,-0.2290,-0.3066,REST_POSE,0.985
141.00,0.8906,-0.0017,-0.2904,-0.3223,REST_POSE,0.985
141.50,0.8525,-0.0283,-0.3574,-0.3289,REST_POSE,0.985
142.00,0.8243,0.0000,-0.3363,-0.3103,REST_POSE,0.985
142.50,0.8097,-0.0360,-0.4236,-0.2382,REST_POSE,0.985
143.00,0.8376,-0.0861,-0.4404,-0.2498,REST_POSE,0.985
143.50,0.8690,-0.1080,-0.4765,-0.2340,REST_POSE,0.985
144.00,0.8341,-0.0958,-0.5122,-0.1824,REST_POSE,0.985
144.50,0.7878,-0.1409,-0.4858,-0.1385,REST_POSE,0.985
145.00,0.8066,-0.1511,-0.4989,-0.1403,REST_POSE,0.985
145.50,0.7370,-0.1441,-0.5017,-0.0911,REST_POSE,0.985
146.00,0.7321,-0.1872,-0.5134,-0.0470,REST_POSE,0.985
146.50,0.7731,-0.2087,-0.5848,-0.0376,REST_POSE,0.985
147.00,0.6848,-0.2269,-0.5231,0.0124,REST_POSE,0.985
147.50,0.7363,-0.2203,-0.5557,0.0069,REST_POSE,0.985
148.00,0.6870,-0.2408,-0.5855,0.0581,REST_POSE,0.985
148.50,0.5996,-0.2904,-0.5260,0.0588,REST_POSE,0.985
149.00,0.6025,-0.2897,-0.5383,0.1215,REST_POSE,0.985
149.50,0.6226,-0.2936,-0.4880,0.1486,REST_POSE,0.985
150.00,0.5139,-0.3004,-0.4613,0.1707,REST_POSE,0.985
150.50,0.4710,-0.3453,-0.4498,0.1902,POWER_GRIP,0.942
151.00,0.5297,-0.3157,-0.4836,0.2370,POWER_GRIP,0.942
151.50,0.4107,-0.3606,-0.4163,0.2205,POWER_GRIP,0.942
152.00,0.4389,-0.3945,-0.3969,0.2595,POWER_GRIP,0.942
152.50,0.4013,-0.4020,-0.3849,0.2757,POWER_GRIP,0.942
153.00,0.3420,-0.3848,-0.2981,0.3066,POWER_GRIP,0.942
153.50,0.2874,-0.3709,-0.3244,0.3034,POWER_GRIP,0.942
154.00,0.2222,-0.4059,-0.2826,0.3274,POWER_GRIP,0.942
154.50,0.1965,-0.3909,-0.2135,0.3578,POWER_GRIP,0.942
155.00,0.1434,-0.4242,-0.1730,0.3300,POWER_GRIP,0.942
155.50,0.1360,-0.4375,-0.1171,0.3791,POWER_GRIP,0.942
156.00,0.1218,-0.4346,-0.0929,0.3718,POWER_GRIP,0.942
156.50,0.0952,-0.4434,-0.0578,0.3655,POWER_GRIP,0.942
157.00,-0.0185,-0.4206,-0.0461,0.3936,POWER_GRIP,0.942
157.50,-0.0202,-0.4216,0.0320,0.4077,POWER_GRIP,0.942
158.00,-0.0688,-0.4314,0.0767,0.3833,POWER_GRIP,0.942
158.50,-0.1556,-0.4196,0.1065,0.3768,POWER_GRIP,0.942
159.00,-0.1567,-0.3982,0.1711,0.3342,POWER_GRIP,0.942
159.50,-0.2039,-0.3781,0.2370,0.3275,POWER_GRIP,0.942
160.00,-0.2763,-0.4203,0.2116,0.3116,POWER_GRIP,0.942
160.50,-0.2781,-0.4070,0.3149,0.3127,POWER_GRIP,0.942
161.00,-0.3692,-0.3926,0.3458,0.3371,POWER_GRIP,0.942
161.50,-0.3832,-0.3886,0.3200,0.2765,POWER_GRIP,0.942
162.00,-0.4238,-0.3497,0.4222,0.2831,POWER_GRIP,0.942
162.50,-0.4760,-0.3354,0.4094,0.2292,POWER_GRIP,0.942
163.00,-0.4729,-0.3433,0.4660,0.1972,POWER_GRIP,0.942
163.50,-0.4791,-0.3480,0.4793,0.1950,POWER_GRIP,0.942
164.00,-0.5537,-0.3148,0.4640,0.1568,POWER_GRIP,0.942
164.50,-0.5555,-0.2940,0.5247,0.1674,POWER_GRIP,0.942
165.00,-0.5673,-0.2960,0.5643,0.1014,POWER_GRIP,0.942
165.50,-0.5906,-0.2559,0.5341,0.0573,POWER_GRIP,0.942
166.00,-0.6355,-0.2799,0.5752,0.0398,POWER_GRIP,0.942
166.50,-0.6488,-0.2438,0.5403,-0.0000,POWER_GRIP,0.942
167.00,-0.7484,-0.2171,0.5869,-0.0106,POWER_GRIP,0.942
167.50,-0.6923,-0.2189,0.5706,-0.0248,POWER_GRIP,0.942
168.00,-0.7134,-0.1718,0.5756,-0.0385,POWER_GRIP,0.942
168.50,-0.7951,-0.1735,0.5395,-0.1061,POWER_GRIP,0.942
169.00,-0.7624,-0.1789,0.5252,-0.1436,POWER_GRIP,0.942
169.50,-0.8214,-0.1377,0.5356,-0.1353,POWER_GRIP,0.942
170.00,-0.8199,-0.1251,0.4840,-0.1917,POWER_GRIP,0.942
170.50,-0.8537,-0.0729,0.4249,-0.1785,POWER_GRIP,0.942
171.00,-0.8651,-0.0496,0.4149,-0.2028,POWER_GRIP,0.942
171.50,-0.8560,-0.0823,0.4471,-0.2394,POWER_GRIP,0.942
172.00,-0.7982,-0.0602,0.3677,-0.2484,POWER_GRIP,0.942
172.50,-0.8852,-0.0145,0.3634,-0.2990,POWER_GRIP,0.942
173.00,-0.8844,0.0219,0.2874,-0.3031,POWER_GRIP,0.942
173.50,-0.8565,0.0351,0.2465,-0.3249,POWER_GRIP,0.942
174.00,-0.8908,0.0306,0.1971,-0.3485,POWER_GRIP,0.942
174.50,-0.8232,0.0924,0.2180,-0.3520,POWER_GRIP,0.942
175.00,-0.7968,0.0704,0.1547,-0.3806,POWER_GRIP,0.942
175.50,-0.7843,0.0894,0.0903,-0.3835,POWER_GRIP,0.942
176.00,-0.8090,0.1214,0.0755,-0.3526,POWER_GRIP,0.942
176.50,-0.7639,0.1566,0.0176,-0.3909,POWER_GRIP,0.942
177.00,-0.8194,0.1850,-0.0067,-0.3967,POWER_GRIP,0.942
177.50,-0.7968,0.1613,-0.0509,-0.3873,POWER_GRIP,0.942
178.00,-0.7399,0.2294,-0.0796,-0.3927,POWER_GRIP,0.942
178.50,-0.6691,0.1991,-0.1192,-0.3828,POWER_GRIP,0.942
179.00,-0.6782,0.2358,-0.1813,-0.3332,POWER_GRIP,0.942
179.50,-0.6398,0.2832,-0.2386,-0.3259,POWER_GRIP,0.942
180.00,-0.6187,0.3023,-0.2498,-0.3290,POWER_GRIP,0.942
180.50,-0.5946,0.3003,-0.2942,-0.2973,POWER_GRIP,0.942
181.00,-0.5406,0.3333,-0.3816,-0.3047,POWER_GRIP,0.942
181.50,-0.5444,0.2924,-0.3785,-0.2670,POWER_GRIP,0.942
182.00,-0.5535,0.3322,-0.4436,-0.2358,POWER_GRIP,0.942
182.50,-0.4590,0.3191,-0.4732,-0.2470,POWER_GRIP,0.942
183.00,-0.4747,0.3864,-0.4563,-0.2093,POWER_GRIP,0.942
183.50,-0.4495,0.3657,-0.4503,-0.1485,POWER_GRIP,0.942
184.00,-0.3202,0.3509,-0.5006,-0.1441,POWER_GRIP,0.942
184.50,-0.3640,0.4045,-0.5362,-0.1014,POWER_GRIP,0.942
185.00,-0.3113,0.4212,-0.5705,-0.0660,POWER_GRIP,0.942
185.50,-0.2161,0.4243,-0.5749,-0.0795,POWER_GRIP,0.942
186.00,-0.2301,0.3890,-0.5698,-0.0438,POWER_GRIP,0.942
186.50,-0.1195,0.4185,-0.5491,-0.0081,POWER_GRIP,0.942
187.00,-0.1754,0.4311,-0.5113,0.0232,POWER_GRIP,0.942
187.50,-0.1093,0.4172,-0.5543,0.0671,POWER_GRIP,0.942
188.00,-0.0045,0.4281,-0.5004,0.0991,POWER_GRIP,0.942
188.50,0.0258,0.4159,-0.4866,0.0999,POWER_GRIP,0.942
189.00,0.0783,0.4189,-0.4881,0.1389,POWER_GRIP,0.942
189.50,0.0622,0.4408,-0.5166,0.1654,POWER_GRIP,0.942
190.00,0.1358,0.4053,-0.4737,0.1983,POWER_GRIP,0.942
190.50,0.1846,0.3869,-0.4426,0.2131,POWER_GRIP,0.942
191.00,0.1991,0.3801,-0.4376,0.2537,POWER_GRIP,0.942
191.50,0.2727,0.4024,-0.4021,0.2597,POWER_GRIP,0.942
192.00,0.2976,0.4056,-0.3618,0.2832,POWER_GRIP,0.942
192.50,0.3154,0.3749,-0.2923,0.3095,POWER_GRIP,0.942
193.00,0.3702,0.3984,-0.2880,0.3070,POWER_GRIP,0.942
193.50,0.4315,0.3669,-0.2384,0.3428,POWER_GRIP,0.942
194.00,0.4755,0.3465,-0.1675,0.3444,POWER_GRIP,0.942
194.50,0.4559,0.3437,-0.1656,0.3354,POWER_GRIP,0.942
195.00,0.5389,0.3469,-0.1215,0.3882,POWER_GRIP,0.942
195.50,0.5804,0.3162,-0.0380,0.3917,POWER_GRIP,0.942
196.00,0.6024,0.2914,-0.0427,0.3566,POWER_GRIP,0.942
196.50,0.6259,0.2735,-0.0185,0.3979,POWER_GRIP,0.942
197.00,0.6412,0.2935,0.0962,0.3500,POWER_GRIP,0.942
197.50,0.6903,0.2837,0.1403,0.3601,POWER_GRIP,0.942
198.00,0.7019,0.2260,0.1763,0.3540,POWER_GRIP,0.942
198.50,0.7229,0.2510,0.1572,0.3726,POWER_GRIP,0.942
199.00,0.7729,0.2147,0.2188,0.3267,POWER_GRIP,0.942
199.50,0.8035,0.1750,0.2441,0.3417,POWER_GRIP,0.942
200.00,0.7685,0.1687,0.2834,0.3054,POWER_GRIP,0.942
200.50,0.7855,0.1464,0.3337,0.3180,POWER_GRIP,0.942
201.00,0.7839,0.1082,0.3528,0.2673,POWER_GRIP,0.942
201.50,0.8607,0.1321,0.3829,0.2679,POWER_GRIP,0.942
202.00,0.7815,0.0697,0.4346,0.2306,POWER_GRIP,0.942
202.50,0.8638,0.0973,0.4305,0.2343,POWER_GRIP,0.942
203.00,0.8155,0.0241,0.4574,0.1576,POWER_GRIP,0.942
203.50,0.8685,0.0123,0.5213,0.1814,POWER_GRIP,0.942
204.00,0.8338,-0.0155,0.4890,0.1193,POWER_GRIP,0.942
204.50,0.8593,-0.0109,0.5365,0.1162,POWER_GRIP,0.942
205.00,0.8152,-0.0440,0.5665,0.0434,POWER_GRIP,0.942
205.50,0.7958,-0.0843,0.5467,0.0188,POWER_GRIP,0.942
206.00,0.7946,-0.0860,0.5873,0.0036,POWER_GRIP,0.942
206.50,0.7926,-0.1191,0.5275,-0.0240,POWER_GRIP,0.942
207.00,0.8035,-0.1032,0.5377,-0.0309,POWER_GRIP,0.942
207.50,0.8530,-0.1271,0.5095,-0.0922,POWER_GRIP,0.942
208.00,0.7803,-0.1789,0.5071,-0.0954,POWER_GRIP,0.942
208.50,0.7631,-0.1569,0.4725,-0.1361,POWER_GRIP,0.942
209.00,0.7763,-0.1740,0.5118,-0.1775,POWER_GRIP,0.942
209.50,0.7807,-0.2148,0.4987,-0.1959,POWER_GRIP,0.942
210.00,0.6744,-0.2026,0.4646,-0.2425,POWER_GRIP,0.942
210.50,0.7355,-0.2440,0.4425,-0.2236,POWER_GRIP,0.942
211.00,0.7042,-0.2341,0.4303,-0.2757,POWER_GRIP,0.942
211.50,0.6143,-0.3000,0.3480,-0.2659,POWER_GRIP,0.942
212.00,0.5688,-0.3119,0.3350,-0.3330,POWER_GRIP,0.942
212.50,0.5667,-0.3272,0.2686,-0.3234,POWER_GRIP,0.942
213.00,0.5878,-0.3463,0.2270,-0.3232,POWER_GRIP,0.942
213.50,0.5203,-0.3165,0.1920,-0.3699,POWER_GRIP,0.942
214.00,0.4601,-0.3706,0.1842,-0.3456,POWER_GRIP,0.942
214.50,0.4716,-0.3744,0.1091,-0.3729,POWER_GRIP,0.942
215.00,0.4080,-0.3812,0.0568,-0.3839,POWER_GRIP,0.942
215.50,0.3193,-0.3997,0.0725,-0.3634,POWER_GRIP,0.942
216.00,0.3135,-0.4175,-0.0009,-0.3837,POWER_GRIP,0.942
216.50,0.2760,-0.3763,-0.0225,-0.3857,POWER_GRIP,0.942
217.00,0.2858,-0.4193,-0.1199,-0.3847,POWER_GRIP,0.942
217.50,0.1870,-0.3814,-0.1647,-0.3898,POWER_GRIP,0.942
218.00,0.1166,-0.4055,-0.1466,-0.3888,POWER_GRIP,0.942
218.50,0.1522,-0.4073,-0.1928,-0.3453,POWER_GRIP,0.942
219.00,0.0905,-0.4284,-0.2508,-0.3524,POWER_GRIP,0.942
219.50,0.0353,-0.4188,-0.2750,-0.3310,POWER_GRIP,0.942
220.00,0.0185,-0.4348,-0.2914,-0.3269,POWER_GRIP,0.942
220.50,-0.0644,-0.4419,-0.3921,-0.2978,POWER_GRIP,0.942
221.00,-0.0491,-0.4031,-0.3591,-0.2592,POWER_GRIP,0.942
221.50,-0.1715,-0.4043,-0.4481,-0.2201,POWER_GRIP,0.942
222.00,-0.1456,-0.4115,-0.4405,-0.1991,POWER_GRIP,0.942
222.50,-0.1844,-0.3913,-0.4546,-0.1899,POWER_GRIP,0.942
223.00,-0.2193,-0.4203,-0.4806,-0.1835,POWER_GRIP,0.942
223.50,-0.3152,-0.3727,-0.4944,-0.1297,POWER_GRIP,0.942
224.00,-0.3469,-0.4053,-0.5615,-0.1045,POWER_GRIP,0.942
224.50,-0.3628,-0.3618,-0.5742,-0.1077,POWER_GRIP,0.942
225.00,-0.4221,-0.3691,-0.5391,-0.0428,POWER_GRIP,0.942
225.50,-0.4820,-0.3528,-0.5666,-0.0307,POWER_GRIP,0.942
226.00,-0.5141,-0.3468,-0.5455,0.0317,POWER_GRIP,0.942
226.50,-0.5159,-0.3321,-0.5171,0.0307,POWER_GRIP,0.942
227.00,-0.5919,-0.3055,-0.5184,0.0880,POWER_GRIP,0.942
227.50,-0.6249,-0.3052,-0.5527,0.1000,POWER_GRIP,0.942
228.00,-0.6060,-0.2629,-0.5165,0.1075,POWER_GRIP,0.942
228.50,-0.6031,-0.2852,-0.5316,0.1306,POWER_GRIP,0.942
229.00,-0.7083,-0.2647,-0.5036,0.1744,POWER_GRIP,0.942
229.50,-0.6815,-0.2348,-0.4915,0.2397,POWER_GRIP,0.942
230.00,-0.6975,-0.2473,-0.4385,0.2451,POWER_GRIP,0.942
230.50,-0.7372,-0.1772,-0.4075,0.2449,POWER_GRIP,0.942
231.00,-0.8043,-0.1651,-0.3503,0.2666,POWER_GRIP,0.942
231.50,-0.7623,-0.1698,-0.3715,0.2941,POWER_GRIP,0.942
232.00,-0.8046,-0.1254,-0.3201,0.3390,POWER_GRIP,0.942
232.50,-0.8486,-0.1093,-0.2283,0.3240,POWER_GRIP,0.942
233.00,-0.8294,-0.0889,-0.2375,0.3203,POWER_GRIP,0.942
233.50,-0.8538,-0.0868,-0.1941,0.3391,POWER_GRIP,0.942
234.00,-0.7944,-0.0736,-0.1292,0.3822,POWER_GRIP,0.942
234.50,-0.8613,-0.0204,-0.1356,0.3897,POWER_GRIP,0.942
235.00,-0.8759,-0.0436,-0.0651,0.3997,POWER_GRIP,0.942
235.50,-0.8697,-0.0308,0.0007,0.3904,POWER_GRIP,0.942
236.00,-0.8464,0.0295,0.0341,0.3936,POWER_GRIP,0.942
236.50,-0.8239,0.0138,0.0547,0.3789,POWER_GRIP,0.942
237.00,-0.8430,0.0357,0.1534,0.3590,POWER_GRIP,0.942
237.50,-0.8507,0.0816,0.2014,0.3716,POWER_GRIP,0.942
238.00,-0.7793,0.1039,0.2322,0.3417,POWER_GRIP,0.942
238.50,-0.7848,0.1263,0.2437,0.3232,POWER_GRIP,0.942
239.00,-0.7527,0.1347,0.2663,0.3501,POWER_GRIP,0.942
239.50,-0.7903,0.1484,0.3265,0.2905,POWER_GRIP,0.942
240.00,-0.7896,0.1893,0.3260,0.2732,POWER_GRIP,0.942
240.50,-0.7014,0.1846,0.3592,0.2989,POWER_GRIP,0.942
241.00,-0.7255,0.1889,0.4308,0.2676,POWER_GRIP,0.942
241.50,-0.7385,0.2356,0.4680,0.2455,POWER_GRIP,0.942
242.00,-0.6698,0.2596,0.4516,0.1878,POWER_GRIP,0.942
242.50,-0.6691,0.2505,0.5116,0.1833,POWER_GRIP,0.942
243.00,-0.5925,0.2801,0.5424,0.1262,POWER_GRIP,0.942
243.50,-0.5591,0.2947,0.5078,0.0923,POWER_GRIP,0.942
244.00,-0.5205,0.2930,0.5638,0.0692,POWER_GRIP,0.942
244.50,-0.5665,0.3120,0.5471,0.0481,POWER_GRIP,0.942
245.00,-0.4960,0.3169,0.5544,0.0344,POWER_GRIP,0.942
245.50,-0.5117,0.3534,0.5173,-0.0048,POWER_GRIP,0.942
246.00,-0.4395,0.3593,0.5495,-0.0263,POWER_GRIP,0.942
246.50,-0.3702,0.3963,0.5412,-0.0412,POWER_GRIP,0.942
247.00,-0.3709,0.3621,0.5285,-0.1149,POWER_GRIP,0.942
247.50,-0.2821,0.4138,0.5345,-0.1317,POWER_GRIP,0.942
248.00,-0.2803,0.4054,0.5280,-0.1556,POWER_GRIP,0.942
248.50,-0.2543,0.4116,0.4821,-0.1800,POWER_GRIP,0.942
249.00,-0.1465,0.4285,0.4869,-0.1966,POWER_GRIP,0.942
249.50,-0.1603,0.4340,0.4148,-0.2506,POWER_GRIP,0.942
250.00,-0.1139,0.4377,0.4037,-0.2457,POWER_GRIP,0.942
250.50,-0.0412,0.4140,0.3398,-0.2680,POWER_GRIP,0.942
251.00,-0.0580,0.4070,0.3260,-0.2670,POWER_GRIP,0.942
251.50,0.0472,0.4433,0.2888,-0.3020,POWER_GRIP,0.942
252.00,0.0496,0.4442,0.2367,-0.3218,POWER_GRIP,0.942
252.50,0.0621,0.3954,0.2566,-0.3214,POWER_GRIP,0.942
253.00,0.1690,0.4122,0.2002,-0.3333,POWER_GRIP,0.942
253.50,0.2274,0.4010,0.1247,-0.3514,POWER_GRIP,0.942
254.00,0.2580,0.3894,0.1436,-0.3500,POWER_GRIP,0.942
254.50,0.2239,0.3750,0.0507,-0.3884,POWER_GRIP,0.942
255.00,0.2609,0.4030,0.0171,-0.3892,POWER_GRIP,0.942
255.50,0.2995,0.4129,-0.0066,-0.3552,POWER_GRIP,0.942
256.00,0.3833,0.3663,-0.0941,-0.3514,POWER_GRIP,0.942
256.50,0.4123,0.3889,-0.0835,-0.3753,POWER_GRIP,0.942
257.00,0.4855,0.3276,-0.1518,-0.3405,POWER_GRIP,0.942
257.50,0.4719,0.3525,-0.1941,-0.3471,POWER_GRIP,0.942
258.00,0.5317,0.3208,-0.2013,-0.3322,POWER_GRIP,0.942
258.50,0.5417,0.2984,-0.2392,-0.3451,POWER_GRIP,0.942
259.00,0.6332,0.3100,-0.3075,-0.3263,POWER_GRIP,0.942
259.50,0.6212,0.2835,-0.3314,-0.2677,POWER_GRIP,0.942
260.00,0.5988,0.3000,-0.3966,-0.3005,POWER_GRIP,0.942
260.50,0.7225,0.2611,-0.4083,-0.2475,POWER_GRIP,0.942
261.00,0.6592,0.2145,-0.4066,-0.2502,POWER_GRIP,0.942
261.50,0.7318,0.2009,-0.4527,-0.1873,POWER_GRIP,0.942
262.00,0.7012,0.2108,-0.4563,-0.1834,POWER_GRIP,0.942
262.50,0.7927,0.2137,-0.5328,-0.1523,POWER_GRIP,0.942
263.00,0.8298,0.1640,-0.5321,-0.1182,POWER_GRIP,0.942
263.50,0.8248,0.1666,-0.5510,-0.0954,POWER_GRIP,0.942
264.00,0.8038,0.1464,-0.5087,-0.0399,POWER_GRIP,0.942
264.50,0.8394,0.1126,-0.5223,-0.0351,POWER_GRIP,0.942
265.00,0.8555,0.0676,-0.5656,0.0091,POWER_GRIP,0.942
265.50,0.7932,0.0866,-0.5254,0.0327,POWER_GRIP,0.942
266.00,0.8085,0.0248,-0.5624,0.0592,POWER_GRIP,0.942
266.50,0.8023,0.0352,-0.5029,0.0589,POWER_GRIP,0.942
267.00,0.8176,0.0070,-0.5346,0.1389,POWER_GRIP,0.942
267.50,0.8561,-0.0170,-0.5082,0.1533,POWER_GRIP,0.942
268.00,0.8940,-0.0669,-0.5248,0.1569,POWER_GRIP,0.942
268.50,0.8078,-0.0732,-0.4983,0.1795,POWER_GRIP,0.942
269.00,0.8609,-0.0999,-0.4277,0.2481,POWER_GRIP,0.942
269.50,0.8595,-0.1218,-0.4242,0.2192,POWER_GRIP,0.942
270.00,0.7675,-0.1124,-0.3750,0.2953,POWER_GRIP,0.942
270.50,0.7590,-0.1223,-0.3195,0.2784,POWER_GRIP,0.942
271.00,0.7624,-0.1689,-0.3298,0.3086,POWER_GRIP,0.942
271.50,0.7553,-0.1817,-0.2689,0.3332,POWER_GRIP,0.942
272.00,0.7863,-0.1926,-0.2489,0.3474,POWER_GRIP,0.942
272.50,0.6850,-0.2355,-0.1835,0.3369,POWER_GRIP,0.942
273.00,0.7223,-0.2292,-0.1629,0.3435,POWER_GRIP,0.942
273.50,0.6710,-0.2619,-0.0909,0.3705,POWER_GRIP,0.942
274.00,0.6541,-0.2859,-0.0860,0.3770,POWER_GRIP,0.942
274.50,0.6531,-0.2775,-0.0135,0.3765,POWER_GRIP,0.942
275.00,0.5595,-0.2925,-0.0011,0.3641,POWER_GRIP,0.942
275.50,0.5687,-0.3111,0.0366,0.3564,POWER_GRIP,0.942
276.00,0.5412,-0.3001,0.0598,0.3958,POWER_GRIP,0.942
276.50,0.5213,-0.3531,0.1331,0.3400,POWER_GRIP,0.942
277.00,0.4401,-0.3783,0.2049,0.3487,POWER_GRIP,0.942
277.50,0.4462,-0.3598,0.2597,0.3692,POWER_GRIP,0.942
278.00,0.4351,-0.3971,0.2357,0.3272,POWER_GRIP,0.942
278.50,0.3017,-0.3777,0.2932,0.2976,POWER_GRIP,0.942
279.00,0.2829,-0.4099,0.3680,0.2902,POWER_GRIP,0.942
279.50,0.2526,-0.4078,0.3372,0.2752,POWER_GRIP,0.942
280.00,0.2451,-0.4106,0.4076,0.2528,POWER_GRIP,0.942
280.50,0.1446,-0.4063,0.4697,0.2162,POWER_GRIP,0.942
281.00,0.1836,-0.4060,0.4645,0.2197,POWER_GRIP,0.942
281.50,0.1015,-0.4222,0.5077,0.2096,POWER_GRIP,0.942
282.00,0.0374,-0.4154,0.4936,0.1798,POWER_GRIP,0.942
282.50,-0.0110,-0.4413,0.5302,0.1570,POWER_GRIP,0.942
283.00,-0.0308,-0.4479,0.5664,0.0772,POWER_GRIP,0.942
283.50,-0.0468,-0.4106,0.5543,0.0958,POWER_GRIP,0.942
284.00,-0.0616,-0.4381,0.5325,0.0429,POWER_GRIP,0.942
284.50,-0.1260,-0.4329,0.5583,0.0011,POWER_GRIP,0.942
285.00,-0.1908,-0.4214,0.5582,-0.0437,POWER_GRIP,0.942
285.50,-0.2343,-0.4101,0.5219,-0.0433,POWER_GRIP,0.942
286.00,-0.2829,-0.4028,0.5256,-0.0597,POWER_GRIP,0.942
286.50,-0.2723,-0.4015,0.5374,-0.1000,POWER_GRIP,0.942
287.00,-0.3093,-0.3644,0.5236,-0.1437,POWER_GRIP,0.942
287.50,-0.4308,-0.3502,0.5127,-0.1546,POWER_GRIP,0.942
288.00,-0.3792,-0.3440,0.4408,-0.1871,POWER_GRIP,0.942
288.50,-0.5127,-0.3703,0.4819,-0.2312,POWER_GRIP,0.942
289.00,-0.5396,-0.3526,0.4084,-0.2201,POWER_GRIP,0.942
289.50,-0.5441,-0.3122,0.3792,-0.2632,POWER_GRIP,0.942
290.00,-0.5687,-0.3073,0.3468,-0.2615,POWER_GRIP,0.942
290.50,-0.6077,-0.3092,0.2961,-0.3155,POWER_GRIP,0.942
291.00,-0.6014,-0.2944,0.2905,-0.3155,POWER_GRIP,0.942
291.50,-0.6875,-0.2563,0.2952,-0.3458,POWER_GRIP,0.942
292.00,-0.6918,-0.2809,0.1961,-0.3352,POWER_GRIP,0.942
292.50,-0.7033,-0.2366,0.1677,-0.3457,POWER_GRIP,0.942
293.00,-0.7356,-0.2423,0.0952,-0.3877,POWER_GRIP,0.942
293.50,-0.7193,-0.2122,0.1102,-0.3646,POWER_GRIP,0.942
294.00,-0.7517,-0.1814,0.0787,-0.3762,POWER_GRIP,0.942
294.50,-0.7481,-0.1656,0.0232,-0.3949,POWER_GRIP,0.942
295.00,-0.7910,-0.1251,-0.0786,-0.4065,POWER_GRIP,0.942
295.50,-0.7749,-0.1387,-0.0877,-0.3842,POWER_GRIP,0.942
296.00,-0.8594,-0.1274,-0.0923,-0.3604,POWER_GRIP,0.942
296.50,-0.8780,-0.0931,-0.1615,-0.3632,POWER_GRIP,0.942
297.00,-0.8470,-0.0315,-0.2294,-0.3740,POWER_GRIP,0.942
297.50,-0.8358,-0.0572,-0.2650,-0.3213,POWER_GRIP,0.942
298.00,-0.8341,-0.0081,-0.2912,-0.3335,POWER_GRIP,0.942
298.50,-0.8832,0.0009,-0.3464,-0.3180,POWER_GRIP,0.942
299.00,-0.8662,0.0460,-0.3213,-0.2687,POWER_GRIP,0.942
299.50,-0.8100,0.0244,-0.4316,-0.2719,POWER_GRIP,0.942
300.00,-0.8839,0.0509,-0.4132,-0.2519,POWER_GRIP,0.942
300.50,-0.8156,0.0616,-0.4485,-0.2424,POWER_GRIP,0.942
301.00,-0.8130,0.0895,-0.5130,-0.2188,POWER_GRIP,0.942
301.50,-0.8480,0.1470,-0.5232,-0.1756,POWER_GRIP,0.942
302.00,-0.7803,0.1316,-0.5022,-0.1372,POWER_GRIP,0.942
302.50,-0.7672,0.1602,-0.5084,-0.1332,POWER_GRIP,0.942
303.00,-0.8062,0.2122,-0.5264,-0.0637,POWER_GRIP,0.942
303.50,-0.7539,0.2077,-0.5425,-0.0701,POWER_GRIP,0.942
304.00,-0.6877,0.2475,-0.5361,-0.0170,POWER_GRIP,0.942
304.50,-0.7327,0.2325,-0.5561,0.0087,POWER_GRIP,0.942
305.00,-0.6612,0.2593,-0.5240,0.0459,POWER_GRIP,0.942
305.50,-0.6952,0.2832,-0.5444,0.0890,POWER_GRIP,0.942
306.00,-0.6586,0.2903,-0.5322,0.0994,POWER_GRIP,0.942
306.50,-0.5584,0.2994,-0.4802,0.1068,POWER_GRIP,0.942
307.00,-0.5859,0.3450,-0.5236,0.1667,POWER_GRIP,0.942
307.50,-0.5255,0.3456,-0.5082,0.1721,POWER_GRIP,0.942
308.00,-0.4669,0.3582,-0.4697,0.1952,POWER_GRIP,0.942
308.50,-0.4670,0.3298,-0.3937,0.2121,POWER_GRIP,0.942
309.00,-0.4227,0.3527,-0.3784,0.2852,POWER_GRIP,0.942
309.50,-0.4183,0.3838,-0.3546,0.2765,POWER_GRIP,0.942
310.00,-0.3879,0.4043,-0.3335,0.2786,POWER_GRIP,0.942
310.50,-0.3151,0.4212,-0.3003,0.3292,POWER_GRIP,0.942
311.00,-0.2706,0.4159,-0.2580,0.3556,POWER_GRIP,0.942
311.50,-0.1880,0.4184,-0.1949,0.3300,POWER_GRIP,0.942
312.00,-0.1499,0.4032,-0.2178,0.3455,POWER_GRIP,0.942
312.50,-0.1113,0.4354,-0.1083,0.3532,POWER_GRIP,0.942
313.00,-0.1122,0.4268,-0.0983,0.3548,POWER_GRIP,0.942
313.50,-0.0284,0.4472,-0.0710,0.3577,POWER_GRIP,0.942
314.00,0.0331,0.4496,-0.0423,0.4039,POWER_GRIP,0.942
314.50,0.0566,0.3929,0.0365,0.3744,POWER_GRIP,0.942
315.00,0.0915,0.4318,0.0945,0.3518,POWER_GRIP,0.942
315.50,0.1595,0.4026,0.1454,0.3764,POWER_GRIP,0.942
316.00,0.1246,0.4042,0.1532,0.3891,POWER_GRIP,0.942
316.50,0.2336,0.4369,0.2387,0.3767,POWER_GRIP,0.942
317.00,0.2310,0.3964,0.2773,0.3615,POWER_GRIP,0.942
317.50,0.2737,0.4017,0.2878,0.3104,POWER_GRIP,0.942
318.00,0.3422,0.4191,0.2840,0.3071,POWER_GRIP,0.942
318.50,0.3208,0.3713,0.3487,0.2702,POWER_GRIP,0.942
319.00,0.4275,0.3888,0.4131,0.2650,POWER_GRIP,0.942
319.50,0.4439,0.3524,0.4463,0.2464,POWER_GRIP,0.942
320.00,0.4460,0.3702,0.4027,0.2429,POWER_GRIP,0.942
320.50,0.4894,0.3616,0.4703,0.1805,POWER_GRIP,0.942
321.00,0.5477,0.3474,0.5285,0.1948,POWER_GRIP,0.942
321.50,0.5313,0.3258,0.5416,0.1509,POWER_GRIP,0.942
322.00,0.6427,0.2994,0.4862,0.1354,POWER_GRIP,0.942
322.50,0.5893,0.3092,0.5067,0.0923,POWER_GRIP,0.942
323.00,0.6887,0.2717,0.5321,0.0339,POWER_GRIP,0.942
323.50,0.7044,0.2659,0.5477,0.0244,POWER_GRIP,0.942
324.00,0.6857,0.2048,0.5668,0.0070,POWER_GRIP,0.942
324.50,0.7544,0.2440,0.5333,-0.0417,POWER_GRIP,0.942
325.00,0.7589,0.2205,0.5656,-0.0798,POWER_GRIP,0.942
325.50,0.8047,0.1932,0.5405,-0.0696,POWER_GRIP,0.942
326.00,0.7764,0.1343,0.5105,-0.1377,POWER_GRIP,0.942
326.50,0.8084,0.1565,0.5230,-0.1524,POWER_GRIP,0.942
327.00,0.8510,0.1079,0.5038,-0.1701,POWER_GRIP,0.942
327.50,0.8609,0.0850,0.4296,-0.2313,POWER_GRIP,0.942
328.00,0.7896,0.0760,0.4098,-0.2188,POWER_GRIP,0.942
328.50,0.8277,0.0770,0.4076,-0.2456,POWER_GRIP,0.942
329.00,0.8334,0.0254,0.3615,-0.2609,POWER_GRIP,0.942
329.50,0.8743,-0.0014,0.3831,-0.2907,POWER_GRIP,0.942
330.00,0.8981,0.0080,0.3375,-0.3293,POWER_GRIP,0.942
330.50,0.8593,0.0022,0.2795,-0.3005,POWER_GRIP,0.942
331.00,0.8186,-0.0245,0.2459,-0.3255,POWER_GRIP,0.942
331.50,0.8733,-0.0607,0.2275,-0.3633,POWER_GRIP,0.942
332.00,0.8280,-0.0620,0.1198,-0.3690,POWER_GRIP,0.942
332.50,0.8457,-0.1022,0.0834,-0.3491,POWER_GRIP,0.942
333.00,0.8279,-0.1351,0.0845,-0.3719,POWER_GRIP,0.942
333.50,0.7505,-0.1683,0.0434,-0.3572,POWER_GRIP,0.942
334.00,0.8168,-0.1433,0.0161,-0.3728,POWER_GRIP,0.942
334.50,0.7643,-0.1725,-0.0705,-0.3953,POWER_GRIP,0.942
335.00,0.7049,-0.2013,-0.1299,-0.3903,POWER_GRIP,0.942
335.50,0.7367,-0.2484,-0.1840,-0.3950,POWER_GRIP,0.942
336.00,0.7013,-0.2225,-0.2090,-0.3667,POWER_GRIP,0.942
336.50,0.7020,-0.2625,-0.2690,-0.3540,POWER_GRIP,0.942
337.00,0.6204,-0.2939,-0.2609,-0.3487,POWER_GRIP,0.942
337.50,0.5963,-0.3144,-0.3119,-0.3421,POWER_GRIP,0.942
338.00,0.5847,-0.3232,-0.3577,-0.3262,POWER_GRIP,0.942
338.50,0.5610,-0.3234,-0.3954,-0.2882,POWER_GRIP,0.942
339.00,0.5274,-0.3488,-0.4303,-0.2828,POWER_GRIP,0.942
339.50,0.5256,-0.3587,-0.4254,-0.2169,POWER_GRIP,0.942
340.00,0.4454,-0.3575,-0.4651,-0.1915,POWER_GRIP,0.942
340.50,0.3679,-0.3500,-0.5147,-0.2007,POWER_GRIP,0.942
341.00,0.3809,-0.3862,-0.4909,-0.1379,POWER_GRIP,0.942
341.50,0.3839,-0.3619,-0.5496,-0.1278,POWER_GRIP,0.942
342.00,0.3412,-0.4114,-0.4952,-0.0817,POWER_GRIP,0.942
342.50,0.2463,-0.4267,-0.5429,-0.0848,POWER_GRIP,0.942
343.00,0.1758,-0.3802,-0.5089,-0.0504,POWER_GRIP,0.942
343.50,0.1916,-0.3898,-0.5293,-0.0168,POWER_GRIP,0.942
344.00,0.1195,-0.3948,-0.5886,0.0077,POWER_GRIP,0.942
344.50,0.0846,-0.4155,-0.5648,0.0465,POWER_GRIP,0.942
345.00,0.0317,-0.4051,-0.5119,0.0554,POWER_GRIP,0.942
345.50,-0.0300,-0.4420,-0.5638,0.1391,POWER_GRIP,0.942
346.00,-0.0805,-0.3922,-0.5108,0.1705,POWER_GRIP,0.942
346.50,-0.1260,-0.3894,-0.4542,0.1959,POWER_GRIP,0.942
347.00,-0.1556,-0.3982,-0.5056,0.1728,POWER_GRIP,0.942
347.50,-0.1904,-0.4116,-0.4412,0.2078,POWER_GRIP,0.942
348.00,-0.1872,-0.3982,-0.3818,0.2373,POWER_GRIP,0.942
348.50,-0.2422,-0.3861,-0.4039,0.2575,POWER_GRIP,0.942
349.00,-0.2681,-0.4088,-0.3811,0.2947,POWER_GRIP,0.942
349.50,-0.2833,-0.4061,-0.2881,0.3151,POWER_GRIP,0.942
350.00,-0.3964,-0.3582,-0.2750,0.3165,POWER_GRIP,0.942
350.50,-0.3639,-0.3744,-0.2249,0.3645,POWER_GRIP,0.942
351.00,-0.4060,-0.3838,-0.2237,0.3456,POWER_GRIP,0.942
351.50,-0.4789,-0.3289,-0.2015,0.3821,POWER_GRIP,0.942
352.00,-0.5405,-0.3155,-0.0998,0.3483,POWER_GRIP,0.942
352.50,-0.5265,-0.3182,-0.0548,0.4014,POWER_GRIP,0.942
353.00,-0.5604,-0.3284,-0.0340,0.3713,POWER_GRIP,0.942
353.50,-0.6294,-0.2687,-0.0152,0.3964,POWER_GRIP,0.942
354.00,-0.6406,-0.2620,0.0882,0.3960,POWER_GRIP,0.942
354.50,-0.7004,-0.2560,0.0964,0.3755,POWER_GRIP,0.942
355.00,-0.6829,-0.2295,0.1323,0.3647,POWER_GRIP,0.942
355.50,-0.7504,-0.2456,0.2072,0.3772,POWER_GRIP,0.942
356.00,-0.7580,-0.2073,0.2004,0.3210,POWER_GRIP,0.942
356.50,-0.7273,-0.2082,0.2421,0.3146,POWER_GRIP,0.942
357.00,-0.8085,-0.1818,0.2882,0.3087,POWER_GRIP,0.942
357.50,-0.7720,-0.1365,0.2945,0.2952,POWER_GRIP,0.942
358.00,-0.7603,-0.1520,0.3934,0.3078,POWER_GRIP,0.942
358.50,-0.7685,-0.1338,0.3732,0.2386,POWER_GRIP,0.942
359.00,-0.8222,-0.1030,0.3902,0.2341,POWER_GRIP,0.942
359.50,-0.8415,-0.0792,0.4205,0.2098,POWER_GRIP,0.942
360.00,-0.8280,-0.0625,0.4469,0.1617,POWER_GRIP,0.942
360.50,-0.8760,-0.0268,0.4731,0.1345,POWER_GRIP,0.942
361.00,-0.7997,-0.0262,0.5232,0.1347,POWER_GRIP,0.942
361.50,-0.8523,0.0160,0.5588,0.1021,POWER_GRIP,0.942
362.00,-0.7990,0.0485,0.5782,0.0657,POWER_GRIP,0.942
362.50,-0.8427,0.0702,0.5259,0.0157,POWER_GRIP,0.942
363.00,-0.8476,0.0738,0.5683,0.0356,POWER_GRIP,0.942
363.50,-0.8052,0.0937,0.5469,-0.0267,POWER_GRIP,0.942
364.00,-0.8609,0.1094,0.5452,-0.0501,POWER_GRIP,0.942
364.50,-0.7971,0.1130,0.5459,-0.0638,POWER_GRIP,0.942
365.00,-0.7504,0.1404,0.5515,-0.0991,POWER_GRIP,0.942
365.50,-0.8110,0.1821,0.5105,-0.1422,POWER_GRIP,0.942
366.00,-0.7961,0.1865,0.5252,-0.1896,POWER_GRIP,0.942
366.50,-0.7337,0.2076,0.5045,-0.1626,POWER_GRIP,0.942
367.00,-0.6875,0.2167,0.4187,-0.2079,POWER_GRIP,0.942
367.50,-0.6753,0.2518,0.4628,-0.2563,POWER_GRIP,0.942
368.00,-0.6432,0.2418,0.4288,-0.2435,POWER_GRIP,0.942
368.50,-0.5951,0.2847,0.4017,-0.2688,POWER_GRIP,0.942
369.00,-0.6254,0.2811,0.3532,-0.3036,POWER_GRIP,0.942
369.50,-0.6154,0.3122,0.3312,-0.3488,POWER_GRIP,0.942
370.00,-0.5706,0.3222,0.2424,-0.3439,POWER_GRIP,0.942
370.50,-0.5149,0.3133,0.2278,-0.3729,POWER_GRIP,0.942
371.00,-0.4572,0.3562,0.1998,-0.3728,POWER_GRIP,0.942
371.50,-0.4644,0.3653,0.1576,-0.3786,POWER_GRIP,0.942
372.00,-0.4419,0.3807,0.1233,-0.3788,POWER_GRIP,0.942
372.50,-0.3236,0.3567,0.0637,-0.3552,POWER_GRIP,0.942
373.00,-0.3362,0.3928,0.0380,-0.3679,POWER_GRIP,0.942
373.50,-0.3067,0.4165,-0.0681,-0.3557,POWER_GRIP,0.942
374.00,-0.2611,0.3725,-0.0768,-0.4004,POWER_GRIP,0.942
374.50,-0.2201,0.3895,-0.1572,-0.3460,POWER_GRIP,0.942
375.00,-0.1268,0.4050,-0.2004,-0.3699,POWER_GRIP,0.942
375.50,-0.1082,0.4322,-0.1998,-0.3643,POWER_GRIP,0.942
376.00,-0.1213,0.4375,-0.2191,-0.3293,POWER_GRIP,0.942
376.50,-0.0129,0.4182,-0.2766,-0.3004,POWER_GRIP,0.942
377.00,0.0067,0.4286,-0.3316,-0.3170,POWER_GRIP,0.942
377.50,0.0878,0.4028,-0.3405,-0.2774,POWER_GRIP,0.942
378.00,0.1322,0.4118,-0.3835,-0.2721,POWER_GRIP,0.942
378.50,0.1015,0.4055,-0.4552,-0.2286,POWER_GRIP,0.942
379.00,0.1462,0.4312,-0.4445,-0.2130,POWER_GRIP,0.942
379.50,0.2562,0.3804,-0.4742,-0.2251,POWER_GRIP,0.942
380.00,0.2173,0.3909,-0.4682,-0.1763,POWER_GRIP,0.942
380.50,0.2664,0.3842,-0.5012,-0.1710,POWER_GRIP,0.942
381.00,0.3003,0.4160,-0.5628,-0.1182,POWER_GRIP,0.942
381.50,0.4011,0.3488,-0.5676,-0.0733,POWER_GRIP,0.942
382.00,0.4311,0.3620,-0.5555,-0.0496,POWER_GRIP,0.942
382.50,0.3986,0.3764,-0.5635,-0.0134,POWER_GRIP,0.942
383.00,0.4320,0.3545,-0.5160,0.0228,POWER_GRIP,0.942
383.50,0.5182,0.3597,-0.5412,0.0393,POWER_GRIP,0.942
384.00,0.5001,0.3332,-0.5076,0.0432,POWER_GRIP,0.942
384.50,0.6230,0.3279,-0.5495,0.0793,POWER_GRIP,0.942
385.00,0.6064,0.3102,-0.4804,0.0967,POWER_GRIP,0.942
385.50,0.6441,0.2725,-0.4637,0.1425,POWER_GRIP,0.942
386.00,0.6275,0.2518,-0.4522,0.2052,POWER_GRIP,0.942
386.50,0.7112,0.2273,-0.4828,0.2130,POWER_GRIP,0.942
387.00,0.7000,0.2151,-0.4360,0.2326,POWER_GRIP,0.942
387.50,0.7709,0.2058,-0.4340,0.2315,POWER_GRIP,0.942
388.00,0.7513,0.1814,-0.4060,0.2938,POWER_GRIP,0.942
388.50,0.7857,0.1500,-0.3407,0.3179,POWER_GRIP,0.942
389.00,0.8383,0.1761,-0.2839,0.3044,POWER_GRIP,0.942
389.50,0.7661,0.1042,-0.2930,0.3558,POWER_GRIP,0.942
390.00,0.8089,0.0905,-0.2263,0.3377,POWER_GRIP,0.942
390.50,0.8204,0.0692,-0.1917,0.3585,POWER_GRIP,0.942
391.00,0.7955,0.0929,-0.1137,0.3695,POWER_GRIP,0.942
391.50,0.8002,0.0642,-0.0896,0.3784,POWER_GRIP,0.942
392.00,0.8298,-0.0003,-0.0330,0.3773,POWER_GRIP,0.942
392.50,0.8041,0.0076,-0.0111,0.3719,POWER_GRIP,0.942
393.00,0.8180,0.0106,0.0554,0.3728,POWER_GRIP,0.942
393.50,0.8161,-0.0587,0.0406,0.3547,POWER_GRIP,0.942
394.00,0.8895,-0.0719,0.1221,0.3434,POWER_GRIP,0.942
394.50,0.8604,-0.0515,0.1796,0.3705,POWER_GRIP,0.942
395.00,0.7831,-0.0907,0.1580,0.3840,POWER_GRIP,0.942
395.50,0.8005,-0.0982,0.2569,0.3631,POWER_GRIP,0.942
396.00,0.8272,-0.1147,0.2538,0.3227,POWER_GRIP,0.942
396.50,0.7434,-0.1469,0.2835,0.3123,POWER_GRIP,0.942
397.00,0.7430,-0.2050,0.3708,0.2762,POWER_GRIP,0.942
397.50,0.7401,-0.1654,0.3993,0.2624,POWER_GRIP,0.942
398.00,0.7653,-0.2380,0.3771,0.2727,POWER_GRIP,0.942
398.50,0.7081,-0.2043,0.4388,0.2270,POWER_GRIP,0.942
399.00,0.6402,-0.2208,0.4900,0.1779,POWER_GRIP,0.942
399.50,0.6221,-0.2835,0.5042,0.1654,POWER_GRIP,0.942
400.00,0.6658,-0.2931,0.5013,0.1411,REST_POSE,0.985
400.50,0.5669,-0.3004,0.5379,0.1070,REST_POSE,0.985
401.00,0.5852,-0.3139,0.5318,0.1141,REST_POSE,0.985
401.50,0.5688,-0.3048,0.5174,0.0359,REST_POSE,0.985
402.00,0.4774,-0.3478,0.5208,0.0405,REST_POSE,0.985
402.50,0.4571,-0.3244,0.5785,-0.0140,REST_POSE,0.985
403.00,0.4168,-0.3344,0.5726,-0.0253,REST_POSE,0.985
403.50,0.3998,-0.3811,0.5380,-0.0848,REST_POSE,0.985
404.00,0.3955,-0.3815,0.5562,-0.0907,REST_POSE,0.985
404.50,0.3298,-0.3640,0.5001,-0.1168,REST_POSE,0.985
405.00,0.2431,-0.3706,0.5334,-0.1601,REST_POSE,0.985
405.50,0.2398,-0.3983,0.4943,-0.1612,REST_POSE,0.985
406.00,0.2130,-0.4238,0.4584,-0.1835,REST_POSE,0.985
406.50,0.1630,-0.4071,0.4108,-0.1979,REST_POSE,0.985
407.00,0.1688,-0.4361,0.3994,-0.2665,REST_POSE,0.985
407.50,0.0356,-0.4196,0.3780,-0.2790,REST_POSE,0.985
408.00,0.0249,-0.3932,0.3463,-0.2960,REST_POSE,0.985
408.50,-0.0321,-0.4474,0.3433,-0.2935,REST_POSE,0.985
409.00,-0.0218,-0.3999,0.2916,-0.3131,REST_POSE,0.985
409.50,-0.1143,-0.3883,0.2403,-0.3126,REST_POSE,0.985
410.00,-0.1600,-0.3958,0.1802,-0.3552,REST_POSE,0.985
410.50,-0.2061,-0.4238,0.1303,-0.3751,REST_POSE,0.985
411.00,-0.2383,-0.3949,0.1487,-0.3753,REST_POSE,0.985
411.50,-0.2591,-0.4299,0.0856,-0.3857,REST_POSE,0.985
412.00,-0.2951,-0.4093,0.0446,-0.4008,REST_POSE,0.985
412.50,-0.2965,-0.3772,0.0173,-0.3958,REST_POSE,0.985
413.00,-0.3932,-0.3644,-0.0516,-0.3827,REST_POSE,0.985
413.50,-0.4591,-0.3391,-0.0907,-0.3685,REST_POSE,0.985
414.00,-0.4587,-0.3753,-0.1115,-0.3904,REST_POSE,0.985
414.50,-0.4488,-0.3196,-0.2139,-0.3410,REST_POSE,0.985
415.00,-0.5346,-0.3032,-0.2077,-0.3168,REST_POSE,0.985
415.50,-0.5863,-0.3135,-0.2734,-0.3552,REST_POSE,0.985
416.00,-0.6073,-0.3307,-0.3434,-0.3086,REST_POSE,0.985
416.50,-0.6468,-0.2620,-0.3743,-0.3137,REST_POSE,0.985
417.00,-0.6004,-0.2820,-0.3388,-0.2905,REST_POSE,0.985
417.50,-0.6993,-0.2859,-0.4233,-0.2335,REST_POSE,0.985
418.00,-0.7057,-0.2365,-0.3979,-0.2477,REST_POSE,0.985
418.50,-0.7111,-0.2405,-0.4946,-0.2191,REST_POSE,0.985
419.00,-0.7824,-0.2203,-0.4439,-0.1957,REST_POSE,0.985
419.50,-0.7304,-0.1931,-0.5002,-0.1534,REST_POSE,0.985
420.00,-0.8085,-0.1887,-0.4783,-0.0990,REST_POSE,0.985
420.50,-0.7945,-0.1697,-0.5704,-0.1277,REST_POSE,0.985
421.00,-0.7811,-0.1080,-0.5782,-0.0422,REST_POSE,0.985
421.50,-0.8533,-0.0989,-0.5832,-0.0397,REST_POSE,0.985
422.00,-0.8238,-0.0953,-0.5246,-0.0298,REST_POSE,0.985
422.50,-0.8497,-0.0704,-0.5707,-0.0081,REST_POSE,0.985
423.00,-0.8730,-0.0666,-0.5616,0.0793,REST_POSE,0.985
423.50,-0.8890,-0.0452,-0.5476,0.0901,REST_POSE,0.985
424.00,-0.8072,0.0231,-0.5319,0.1005,REST_POSE,0.985
424.50,-0.8644,0.0223,-0.5009,0.1122,REST_POSE,0.985
425.00,-0.8402,0.0347,-0.5172,0.1553,REST_POSE,0.985
425.50,-0.8382,0.0716,-0.4383,0.2163,REST_POSE,0.985
426.00,-0.8184,0.0971,-0.4873,0.2093,REST_POSE,0.985
426.50,-0.7792,0.1022,-0.4081,0.2605,REST_POSE,0.985
427.00,-0.8406,0.1470,-0.3719,0.2388,REST_POSE,0.985
427.50,-0.8319,0.1476,-0.3650,0.2920,REST_POSE,0.985
428.00,-0.8145,0.1351,-0.3330,0.3144,REST_POSE,0.985
428.50,-0.8142,0.1742,-0.2510,0.2965,REST_POSE,0.985
429.00,-0.7300,0.1916,-0.2205,0.3283,REST_POSE,0.985
429.50,-0.7789,0.2245,-0.2447,0.3646,REST_POSE,0.985
430.00,-0.7151,0.2039,-0.1847,0.3639,REST_POSE,0.985
430.50,-0.6577,0.2236,-0.0949,0.3966,REST_POSE,0.985
431.00,-0.6227,0.2522,-0.0566,0.3468,REST_POSE,0.985
431.50,-0.6636,0.3062,-0.0584,0.3779,REST_POSE,0.985
432.00,-0.6277,0.2718,-0.0260,0.4025,REST_POSE,0.985
432.50,-0.5361,0.3376,0.0087,0.3733,REST_POSE,0.985
433.00,-0.5134,0.3405,0.0708,0.3566,REST_POSE,0.985
433.50,-0.4814,0.3132,0.1730,0.3650,REST_POSE,0.985
434.00,-0.4926,0.3686,0.1978,0.3557,REST_POSE,0.985
434.50,-0.4753,0.3821,0.2191,0.3399,REST_POSE,0.985
435.00,-0.3588,0.3551,0.2643,0.3081,REST_POSE,0.985
435.50,-0.3571,0.3935,0.3238,0.3175,REST_POSE,0.985
436.00,-0.3616,0.3915,0.3684,0.3074,REST_POSE,0.985
436.50,-0.2792,0.4112,0.3506,0.2598,REST_POSE,0.985
437.00,-0.2100,0.4267,0.3624,0.2702,REST_POSE,0.985
437.50,-0.2163,0.3910,0.4077,0.2189,REST_POSE,0.985
438.00,-0.1890,0.4230,0.4870,0.1986,REST_POSE,0.985
438.50,-0.1602,0.4441,0.5134,0.2058,REST_POSE,0.985
439.00,-0.0548,0.4348,0.4976,0.1605,REST_POSE,0.985
439.50,-0.0173,0.4202,0.5469,0.1577,REST_POSE,0.985
440.00,0.0214,0.3944,0.5583,0.1178,REST_POSE,0.985
440.50,0.0311,0.4288,0.5056,0.0513,REST_POSE,0.985
441.00,0.1052,0.3972,0.5228,0.0460,REST_POSE,0.985
441.50,0.1792,0.4096,0.5350,0.0047,REST_POSE,0.985
442.00,0.2083,0.3974,0.5180,-0.0300,REST_POSE,0.985
442.50,0.1916,0.3844,0.5648,-0.0412,REST_POSE,0.985
443.00,0.3043,0.3977,0.5396,-0.0912,REST_POSE,0.985
443.50,0.2915,0.3973,0.4982,-0.1295,REST_POSE,0.985
444.00,0.3246,0.3890,0.5176,-0.1286,REST_POSE,0.985
444.50,0.4279,0.3679,0.5324,-0.1378,REST_POSE,0.985
445.00,0.4507,0.3582,0.5177,-0.1788,REST_POSE,0.985
445.50,0.4413,0.3724,0.4183,-0.2091,REST_POSE,0.985
446.00,0.4646,0.3300,0.4493,-0.2358,REST_POSE,0.985
446.50,0.4927,0.3531,0.3750,-0.2393,REST_POSE,0.985
447.00,0.5918,0.3341,0.3334,-0.2576,REST_POSE,0.985
447.50,0.6135,0.3117,0.3084,-0.3269,REST_POSE,0.985
448.00,0.5748,0.2935,0.2847,-0.3131,REST_POSE,0.985
448.50,0.6459,0.2605,0.2586,-0.3070,REST_POSE,0.985
449.00,0.6313,0.2587,0.1849,-0.3588,REST_POSE,0.985
449.50,0.7045,0.2220,0.1562,-0.3777,REST_POSE,0.985
450.00,0.7017,0.2183,0.1041,-0.3719,REST_POSE,0.985
450.50,0.7248,0.1948,0.0892,-0.3779,REST_POSE,0.985
451.00,0.7902,0.1586,0.0260,-0.3653,REST_POSE,0.985
451.50,0.8040,0.1748,-0.0073,-0.3797,REST_POSE,0.985
452.00,0.8053,0.1532,-0.0284,-0.3825,REST_POSE,0.985
452.50,0.8496,0.1388,-0.1136,-0.3670,REST_POSE,0.985
453.00,0.8308,0.0786,-0.1563,-0.3575,REST_POSE,0.985
453.50,0.8097,0.0979,-0.1966,-0.3699,REST_POSE,0.985
454.00,0.8467,0.0910,-0.2039,-0.3806,REST_POSE,0.985
454.50,0.8006,0.0483,-0.2324,-0.3570,REST_POSE,0.985
455.00,0.8485,0.0059,-0.2783,-0.3249,REST_POSE,0.985
455.50,0.8978,-0.0257,-0.3158,-0.3173,REST_POSE,0.985
456.00,0.8949,-0.0378,-0.3551,-0.2605,REST_POSE,0.985
456.50,0.8653,-0.0520,-0.3741,-0.2402,REST_POSE,0.985
457.00,0.8793,-0.0880,-0.3951,-0.2435,REST_POSE,0.985
457.50,0.8584,-0.0835,-0.4215,-0.2520,REST_POSE,0.985
458.00,0.7836,-0.1018,-0.4935,-0.1839,REST_POSE,0.985
458.50,0.8360,-0.1074,-0.5217,-0.1602,REST_POSE,0.985
459.00,0.8356,-0.1213,-0.5342,-0.1160,REST_POSE,0.985
459.50,0.8076,-0.1684,-0.5042,-0.1160,REST_POSE,0.985
460.00,0.7249,-0.1655,-0.5627,-0.0691,REST_POSE,0.985
460.50,0.7808,-0.2100,-0.5604,-0.0361,REST_POSE,0.985
461.00,0.7067,-0.1910,-0.5092,-0.0254,REST_POSE,0.985
461.50,0.6571,-0.2427,-0.5375,-0.0175,REST_POSE,0.985
462.00,0.6655,-0.2577,-0.5437,0.0404,REST_POSE,0.985
462.50,0.6442,-0.2508,-0.5139,0.0727,REST_POSE,0.985
463.00,0.6526,-0.2927,-0.5225,0.0777,REST_POSE,0.985
463.50,0.5466,-0.2953,-0.5068,0.1129,REST_POSE,0.985
464.00,0.5924,-0.2856,-0.4763,0.1603,REST_POSE,0.985
464.50,0.5049,-0.3291,-0.4915,0.1680,REST_POSE,0.985
465.00,0.5417,-0.3337,-0.4391,0.1858,REST_POSE,0.985
465.50,0.4547,-0.3781,-0.4104,0.2079,REST_POSE,0.985
466.00,0.4450,-0.3914,-0.3949,0.2557,REST_POSE,0.985
466.50,0.4194,-0.3673,-0.4001,0.2807,REST_POSE,0.985
467.00,0.3277,-0.3608,-0.3687,0.3033,REST_POSE,0.985
467.50,0.3534,-0.3791,-0.3024,0.3092,REST_POSE,0.985
468.00,0.2398,-0.4214,-0.2795,0.3538,REST_POSE,0.985
468.50,0.2539,-0.3898,-0.2405,0.3148,REST_POSE,0.985
469.00,0.1499,-0.4007,-0.2130,0.3633,REST_POSE,0.985
469.50,0.1687,-0.3873,-0.1251,0.3935,REST_POSE,0.985
470.00,0.0635,-0.4095,-0.0857,0.3965,REST_POSE,0.985
470.50,0.0603,-0.4467,-0.1005,0.3927,REST_POSE,0.985
471.00,-0.0211,-0.4317,-0.0574,0.3702,REST_POSE,0.985
471.50,-0.0280,-0.4463,0.0387,0.3866,REST_POSE,0.985
472.00,-0.0376,-0.4354,0.0407,0.3648,REST_POSE,0.985
472.50,-0.1482,-0.4044,0.0834,0.3667,REST_POSE,0.985
473.00,-0.1808,-0.3951,0.1610,0.3818,REST_POSE,0.985
473.50,-0.1742,-0.4015,0.1927,0.3723,REST_POSE,0.985
474.00,-0.2089,-0.4153,0.2499,0.3138,REST_POSE,0.985
474.50,-0.2224,-0.3916,0.3077,0.3258,REST_POSE,0.985
475.00,-0.2993,-0.4059,0.3435,0.3079,REST_POSE,0.985
475.50,-0.3306,-0.4012,0.3176,0.2841,REST_POSE,0.985
476.00,-0.3467,-0.3564,0.3491,0.2871,REST_POSE,0.985
476.50,-0.3866,-0.3353,0.4304,0.2452,REST_POSE,0.985
477.00,-0.4497,-0.3307,0.4510,0.2387,REST_POSE,0.985
477.50,-0.4651,-0.3676,0.4944,0.1907,REST_POSE,0.985
478.00,-0.5471,-0.3284,0.4533,0.1876,REST_POSE,0.985
478.50,-0.5759,-0.3055,0.5205,0.1349,REST_POSE,0.985
479.00,-0.6147,-0.2781,0.5057,0.1046,REST_POSE,0.985
479.50,-0.6387,-0.2972,0.5379,0.0677,REST_POSE,0.985
480.00,-0.6050,-0.2466,0.5697,0.0895,REST_POSE,0.985
480.50,-0.6512,-0.2283,0.5778,0.0052,REST_POSE,0.985
481.00,-0.7351,-0.2542,0.5611,-0.0186,REST_POSE,0.985
481.50,-0.7520,-0.2212,0.5093,-0.0323,REST_POSE,0.985
482.00,-0.7494,-0.2202,0.5276,-0.0487,REST_POSE,0.985
482.50,-0.7647,-0.1571,0.5464,-0.1017,REST_POSE,0.985
483.00,-0.8175,-0.1831,0.5274,-0.1383,REST_POSE,0.985
483.50,-0.8336,-0.1292,0.4946,-0.1203,REST_POSE,0.985
484.00,-0.8071,-0.1363,0.5277,-0.1960,REST_POSE,0.985
484.50,-0.7781,-0.1125,0.4907,-0.1802,REST_POSE,0.985
485.00,-0.7988,-0.0975,0.4431,-0.2507,REST_POSE,0.985
485.50,-0.8281,-0.0617,0.4268,-0.2577,REST_POSE,0.985
486.00,-0.8178,-0.0441,0.4028,-0.2543,REST_POSE,0.985
486.50,-0.8487,-0.0279,0.3649,-0.3197,REST_POSE,0.985
487.00,-0.8165,-0.0218,0.3061,-0.3154,REST_POSE,0.985
487.50,-0.8946,0.0353,0.2798,-0.3522,REST_POSE,0.985
488.00,-0.8711,0.0202,0.2832,-0.3618,REST_POSE,0.985
488.50,-0.8408,0.0885,0.1947,-0.3588,REST_POSE,0.985
489.00,-0.8015,0.1076,0.1512,-0.3678,REST_POSE,0.985
489.50,-0.7845,0.1249,0.1293,-0.3681,REST_POSE,0.985
490.00,-0.7816,0.1342,0.0912,-0.3930,REST_POSE,0.985
490.50,-0.7519,0.1741,0.0630,-0.3499,REST_POSE,0.985
491.00,-0.7620,0.1503,-0.0253,-0.3543,REST_POSE,0.985
491.50,-0.7398,0.1633,-0.0789,-0.3523,REST_POSE,0.985
492.00,-0.7051,0.2250,-0.0959,-0.3599,REST_POSE,0.985
492.50,-0.7386,0.2503,-0.1542,-0.3969,REST_POSE,0.985
493.00,-0.6770,0.2577,-0.1934,-0.3541,REST_POSE,0.985
493.50,-0.6261,0.2743,-0.2290,-0.3409,REST_POSE,0.985
494.00,-0.6804,0.2911,-0.2602,-0.3479,REST_POSE,0.985
494.50,-0.6671,0.2840,-0.2657,-0.2997,REST_POSE,0.985
495.00,-0.5463,0.3190,-0.3035,-0.3001,REST_POSE,0.985
495.50,-0.6019,0.3136,-0.3899,-0.2692,REST_POSE,0.985
496.00,-0.4839,0.3268,-0.4227,-0.2613,REST_POSE,0.985
496.50,-0.4630,0.3549,-0.4208,-0.2208,REST_POSE,0.985
497.00,-0.4905,0.3503,-0.4930,-0.1931,REST_POSE,0.985
497.50,-0.4538,0.3520,-0.4454,-0.2068,REST_POSE,0.985
498.00,-0.3695,0.4049,-0.5121,-0.1780,REST_POSE,0.985
498.50,-0.3793,0.4105,-0.4789,-0.1291,REST_POSE,0.985
499.00,-0.3137,0.4043,-0.4950,-0.1265,REST_POSE,0.985
499.50,-0.2521,0.4258,-0.5578,-0.0834,REST_POSE,0.985
